name, bipartiteness, ci, fr1, fr2
CLSZ Clusters 0 and 1, 0.16584908304852672, 0.16574196902960014, 0.6968097121787855, 0.5357297016260125
Diffusion Algorithm, 0.0365271204165903, 0.06881812540136341, 0.47524272749744023, 0.40705800147535354
