name, bipartiteness, ci, fr1, fr2
CLSZ Clusters 0 and 1, 0.5189845447002956, 0.16574196902960014, 0.5357297016260125, 0.6968097121787855
Diffusion Algorithm, 0.379194756788533, 0.07437554007649813, 0.4212448769098017, 0.49551534226618577
